CDN URL,Curve,Variant,Series,Length,Height,Face Curve,Lie,Open Heel,Mid,Toe Opening,Similar Curve #1,Similar Curve #2,Similar Curve #3,Equivalent # 1,Equivalent # 2,Equivalent # 3,Equivalent # 4,Equivalent # 5,Equivalent # 6,Equivalent # 7,Equivalent # 8,Equivalent # 9,Equivalent # 10
https://cdn.shopify.com/3d/models/o/0969d09390763b42/P02-SBT.glb,P02,Standard,Classic SPR,310.3,72.2,13.8,5.0,-0.3,2.7,8.6°,P76,P117,P90M Lie 4.0,Bauer P02,CCM P20,Warrior W02,True HCS,Easton E5 (Lidström),Sherwood PP05,Fischer P05,,,
https://cdn.shopify.com/3d/models/o/7e799c43332fa8a5/P05-ST.glb,P05,Standard,Standard Sticks,290.3,75.0,10.7,4.5,0.2,6.2,10.1°,P68,P69,P92M (SPR),,,,,,,,,,
https://cdn.shopify.com/3d/models/o/064021061df34fd1/P10-SBT.glb,P10,Standard,Classic SPR,283.8,75.3,15.3,4.5,0.2,5.1,10.6°,P50 (SPR),P50,P50 Lie 6.5,Bauer P86,CCM P86,,,,,,,,
https://cdn.shopify.com/3d/models/o/64d776861d1bb7d9/P100-ST.glb,P100,Standard,Standard Sticks,277.5,70.2,11.6,5.5,-0.3,3.1,8.0°,P62 (SBO),P19Y,P62,,,,,,,,,,
https://cdn.shopify.com/3d/models/o/85d86d02c1c1c96d/P101-ST.glb,P101,Standard,Standard Sticks,290.7,79.2,11.2,6.0,-0.6,4.4,10.7°,P93,P22,P29 Lie 6.5,,,,,,,,,,
https://cdn.shopify.com/3d/models/o/348aeb4267ab6519/P102-SBO.glb,P102,Standard,Standard Sticks,276.9,67.2,8.3,4.5,1.0,5.8,10.5°,P29 JR,P105,P13,,,,,,,,,,
https://cdn.shopify.com/3d/models/o/436a558ae3a12559/P103-ST.glb,P103,Standard,Standard Sticks,267.5,73.1,10.3,6.0,2.1,6.5,14.3°,P111,P25 1/4 Lie 5.0,P78,,,,,,,,,,
https://cdn.shopify.com/3d/models/o/71ad665fe36fd25d/P104-SBO.glb,P104,Standard,Standard Sticks,287.6,73.6,9.4,4.5,0.0,3.5,8.3°,P91,P73,P86,,,,,,,,,,
https://cdn.shopify.com/3d/models/o/92e2740d807e5c91/P105-SBO.glb,P105,Standard,Standard Sticks,286.7,69.2,9.2,5.0,1.2,6.0,7.9°,P73,P104,P91,,,,,,,,,,
https://cdn.shopify.com/3d/models/o/30f750b86c9a0e80/P106-ST.glb,P106,Standard,Standard Sticks,273.7,73.1,14.7,5.0,0.3,5.4,12.2°,P7TK,P28 (SBO),P42,,,,,,,,,,
https://cdn.shopify.com/3d/models/o/46b8e8e7226d23b6/P108-ST.glb,P108,Standard,Standard Sticks,273.0,71.9,11.1,5.5,2.0,10.9,21.4°,P44,P122,P71,,,,,,,,,,
https://cdn.shopify.com/3d/models/o/af8ca9159870f0b7/P109-ST.glb,P109,Standard,Standard Sticks,287.0,74.6,9.4,5.5,0.3,5.8,11.1°,P90,P80M,P21,,,,,,,,,,
https://cdn.shopify.com/3d/models/o/97c4c685cb29f771/P11-SBT.glb,P11,Standard,Classic SPR,287.2,73.3,11.8,5.0,-0.1,4.7,9.6°,P11,P911,P22,,,,,,,,,,
https://cdn.shopify.com/3d/models/o/8eedb15ce6dbb38c/P11-ST.glb,P11,Standard,Standard Sticks,287.1,73.4,11.7,5.0,0.1,4.6,9.3°,P11 (SPR),P92 (SPR),P22,,,,,,,,,,
https://cdn.shopify.com/3d/models/o/e57295034fcf4e5b/P110-SBO.glb,P110,Standard,Standard Sticks,276.0,71.2,7.3,6.0,-0.3,1.3,3.7°,P119,P95,P105,,,,,,,,,,
https://cdn.shopify.com/3d/models/o/c6684e5707bdfd48/P111-ST.glb,P111,Standard,Standard Sticks,270.9,72.2,9.6,5.5,1.2,5.5,12.1°,P115,P103,P14T,,,,,,,,,,
https://cdn.shopify.com/3d/models/o/74142030445df251/P112-ST.glb,P112,Standard,Standard Sticks,270.5,72.9,14.9,6.0,-0.9,6.3,10.3°,P61 (SBO),P96,P28A,,,,,,,,,,
https://cdn.shopify.com/3d/models/o/a2f1f326d10607d2/P113-ST.glb,P113,Standard,Standard Sticks,286.8,74.6,12.3,4.5,1.0,5.6,10.5°,P63,P29 Lie 7.0,P90TM Lie 7.0,,,,,,,,,,
https://cdn.shopify.com/3d/models/o/25df0621a57a0419/P114-SBT.glb,P114,Standard,Classic SPR,277.1,68.4,13.1,4.5,-0.7,1.2,2.1°,P114,P15,P88,,,,,,,,,,
https://cdn.shopify.com/3d/models/o/0f202771e484b799/P114-ST.glb,P114,Standard,Standard Sticks,277.3,68.4,14.4,5.5,-0.4,1.2,2.1°,P15,P88 (SBO),P114 (SPR),,,,,,,,,,
https://cdn.shopify.com/3d/models/o/f2086a59b51f1d95/P115-ST.glb,P115,Standard,Standard Sticks,278.2,76.2,9.9,5.0,0.7,6.5,12.4°,P80M,P111,P25 1/4 Lie 6.0,,,,,,,,,,
https://cdn.shopify.com/3d/models/o/1a32985387197635/P116-ST.glb,P116,Standard,Standard Sticks,288.2,74.4,14.4,5.5,-0.2,1.7,3.5°,P88 (SBO),P88 (SPR),P74,,,,,,,,,,
https://cdn.shopify.com/3d/models/o/4b8fec675b01df1a/P117-SBT.glb,P117,Standard,Classic SPR,299.4,73.5,11.6,5.5,-0.3,1.8,6.4°,P82,P98,P86,,,,,,,,,,
https://cdn.shopify.com/3d/models/o/9bf7cdd8c2126707/P118-ST.glb,P118,Standard,Standard Sticks,280.4,74.1,11.3,5.5,-0.2,2.0,3.5°,P19Y,P6SR,P88,,,,,,,,,,
https://cdn.shopify.com/3d/models/o/240870e78da06015/P119-ST.glb,P119,Standard,Standard Sticks,286.9,73.0,7.6,6.5,0.0,3.6,6.9°,P94,P110,P73M,,,,,,,,,,
https://cdn.shopify.com/3d/models/o/b9605eb012f18d81/P12-SBT.glb,P12,Standard,Classic SPR,287.3,73.8,14.5,4.5,0.0,5.4,9.4°,P92B,P10,P92B (SBO),Bauer BT-P12,,,,,,,,,
https://cdn.shopify.com/3d/models/o/0394e36526c426c3/P120-ST.glb,P120,Standard,Standard Sticks,279.8,73.7,17.2,4.5,1.0,5.1,8.4°,P19Y (SPR),P50 Lie 6.5,P41,,,,,,,,,,
https://cdn.shopify.com/3d/models/o/20485587f251cdd7/P121-1-4-ST.glb,P121 1/4,Standard,Standard Sticks,290.9,75.0,17.6,6.0,1.3,13.2,26.0°,P81,P70,P71,,,,,,,,,,
https://cdn.shopify.com/3d/models/o/237aa7c8b515ad60/P122-ST.glb,P122,Standard,Standard Sticks,273.8,72.0,9.3,5.5,1.0,6.6,18.8°,P44,P24M,P25 1/4 Lie 5.0,,,,,,,,,,
https://cdn.shopify.com/3d/models/o/91ad4003609d7edc/P12B-ST.glb,P12B,Standard,Standard Sticks,287.1,76.8,12.8,4.5,0.8,5.5,9.6°,P63,P56,P113,CCM P12B,,,,,,,,,
https://cdn.shopify.com/3d/models/o/c962b8f021529bb9/P13-ST.glb,P13,Standard,Standard Sticks,278.1,72.4,8.2,5.0,0.7,4.5,12.9°,P111,P47,P31,,,,,,,,,,
https://cdn.shopify.com/3d/models/o/112f216b82271499/P14T-ST.glb,P14T,Standard,Standard Sticks,270.6,68.9,10.7,5.0,0.2,3.7,12.2°,P99,P99 (SBO),P28 1/4 Lie 6.0,,,,,,,,,,
https://cdn.shopify.com/3d/models/o/713b9089f3e13228/P15-SBT.glb,P15,Standard,Classic SPR,275.8,71.1,13.6,6.0,0.5,1.1,2.8°,P88,P114,P88 (SBO),,,,,,,,,,
https://cdn.shopify.com/3d/models/o/d0d41a1a259c6486/P18K-ST.glb,P18K,Standard,Standard Sticks,278.8,75.8,11.6,4.5,0.4,6.8,11.0°,P90TM Lie 7.0,P80,P29 Lie 7.0,CCM P18K,,,,,,,,,
https://cdn.shopify.com/3d/models/o/0204162206b36be8/P19Y-SBT.glb,P19Y,Standard,Classic SPR,279.8,75.2,16.5,5.0,0.5,5.5,11.3°,P10,P28M (SBO),P120,Bauer P19Y,CCM P46,Sherwood PP14,,,,,,,
https://cdn.shopify.com/3d/models/o/310912698693eb43/P19Y-ST.glb,P19Y,Standard,Standard Sticks,278.7,75.2,14.4,5.0,0.2,5.6,11.6°,P77,P28M,P92B,Bauer P19Y,CCM P46,Sherwood PP14,,,,,,,
https://cdn.shopify.com/3d/models/o/e0911fb72a5af1b2/P19Y-V2-ST.glb,P19Y,Standard,Standard Sticks,278.6,73.3,11.6,6.0,0.1,3.9,7.2°,P100,P55,P62 (SBO),Bauer P19Y,CCM P46,Sherwood PP14,,,,,,,
https://cdn.shopify.com/3d/models/o/9210727ed331329e/P21-ST.glb,P21,Standard,Standard Sticks,290.9,74.1,9.3,5.5,0.9,6.9,10.9°,P87,P90TM Lie 6.0,P90,CCM P21,,,,,,,,,
https://cdn.shopify.com/3d/models/o/aa6a25e804c870f4/P22-ST.glb,P22,Standard,Standard Sticks,287.5,76.4,11.4,4.5,-0.5,5.4,9.9°,P92 (SPR),P92M,P11 (SPR),CCM P22,,,,,,,,,
https://cdn.shopify.com/3d/models/o/a5ccf98b87924e84/P23-SBT.glb,P23,Standard,Classic SPR,279.4,72.1,12.4,4.0,2.0,10.7,17.2°,P71,P25 1/4 Lie 6.0,P25 1/4 Lie 4.5,Bauer BT-P23,,,,,,,,,
https://cdn.shopify.com/3d/models/o/06c73b80d63979ac/P24M-ST.glb,P24M,Standard,Standard Sticks,281.6,71.2,8.8,4.0,0.8,9.1,18.3°,P25 1/4 Lie 6.0,P122,P25 1/4 Lie 5.0,,,,,,,,,,
https://cdn.shopify.com/3d/models/o/78990daab1157ec2/P25-1-4-ST-LIE4_5.glb,P25 1/4,Lie 4.5,Standard Sticks,280.3,73.2,11.4,6.5,1.5,7.9,15.3°,P78,P25 1/4 Lie 5.0,P59,,,,,,,,,,
https://cdn.shopify.com/3d/models/o/018037de88d67d43/P25-1-4-ST-LIE5_0.glb,P25 1/4,Lie 5.0,Standard Sticks,279.2,73.2,9.8,6.0,1.8,8.1,15.3°,P25 1/4 Lie 6.0,P78,P25 1/4 Lie 4.5,,,,,,,,,,
https://cdn.shopify.com/3d/models/o/c2edaa7ff4083037/P25-1-4-ST-LIE6_0.glb,P25 1/4,Lie 6.0,Standard Sticks,277.7,73.1,10.1,5.0,1.9,8.2,15.3°,P25 1/4 Lie 5.0,P115,P78,,,,,,,,,,
https://cdn.shopify.com/3d/models/o/ade336af46843a04/P27-ST.glb,P27,Standard,Standard Sticks,279.8,71.9,12.1,4.5,1.0,5.1,9.1°,P18K,P113,P90TM Lie 7.0,CCM P27,,,,,,,,,
https://cdn.shopify.com/3d/models/o/f71316e6251d6fcd/P28-1-4-ST-LIE5_5.glb,P28 1/4,Lie 5.5,Standard Sticks,273.6,74.1,11.8,6.0,1.3,6.1,12.2°,P28 1/4 Lie 6.0,P28,P59,,,,,,,,,,
https://cdn.shopify.com/3d/models/o/69680e528bf80e01/P28-1-4-ST-LIE6_0.glb,P28 1/4,Lie 6.0,Standard Sticks,273.1,74.1,11.2,5.0,-0.3,5.6,11.6°,P28,P18K,P28 (SPR),,,,,,,,,,
https://cdn.shopify.com/3d/models/o/bdd562e7cf3a94a6/P28-SBO.glb,P28,Standard,Standard Sticks,272.5,74.5,14.9,5.0,0.5,4.6,11.7°,P106,P28M (SBO),P28M,Bauer P28,CCM P28,Warrior W28,Easton E28,Sherwood PP28,STX X28,Fischer P28,,,
https://cdn.shopify.com/3d/models/o/8af2c56c129edb72/P28-SBO-JR.glb,P28,JR,Standard Sticks,255.4,70.8,12.9,6.0,0.4,4.5,10.8°,P96,P61,P28 1/4 Lie 5.5,Bauer P28,CCM P28,Warrior W28,Easton E28,Sherwood PP28,STX X28,Fischer P28,,,
https://cdn.shopify.com/3d/models/o/9fff819146807648/P28-SBT.glb,P28,Standard,Classic SPR,275.0,74.0,12.5,5.0,1.0,5.3,12.0°,P80,P60,P28 1/4 Lie 6.0,Bauer P28,CCM P28,Warrior W28,Easton E28,Sherwood PP28,STX X28,Fischer P28,,,
https://cdn.shopify.com/3d/models/o/fa23e65a0aaa861f/P28-ST.glb,P28,Standard,Standard Sticks,273.1,74.1,11.2,5.0,-0.3,5.6,11.6°,P28 1/4 Lie 6.0,P18K,P28 (SPR),Bauer P28,CCM P28,Warrior W28,Easton E28,Sherwood PP28,STX X28,Fischer P28,,,
https://cdn.shopify.com/3d/models/o/0fbc1ee5f283652b/P28-T-JR.glb,P28,JR,–,259.9,70.4,10.4,5.0,0.3,5.8,11.9°,P103,P14T,P99 (SBO),Bauer P28,CCM P28,Warrior W28,Easton E28,Sherwood PP28,STX X28,Fischer P28,,,
https://cdn.shopify.com/3d/models/o/d6f54e81ebeeb3cc/P28A-ST.glb,P28A,Standard,Standard Sticks,272.9,73.4,13.8,7.0,0.0,5.6,12.5°,P61,P61 (SBO),P96,CCM P28A,,,,,,,,,
https://cdn.shopify.com/3d/models/o/eb0c4639b1988684/P28M-SBO.glb,P28M,Standard,Standard Sticks,277.7,78.1,15.4,5.0,0.4,5.4,11.6°,P28M,P28 (SBO),P77,Bauer P28M,CCM P28M,Sherwood PP28MX,,,,,,,
https://cdn.shopify.com/3d/models/o/d71b8eeb91b063c8/P28M-ST.glb,P28M,Standard,Standard Sticks,277.4,78.2,14.6,5.0,0.3,5.7,12.1°,P28M (SBO),P42,P19Y,Bauer P28M,CCM P28M,Sherwood PP28MX,,,,,,,
https://cdn.shopify.com/3d/models/o/a49b2be82e9db3bb/P29-1-4-ST-LIE8_0.glb,P29 1/4,Lie 8.0,Standard Sticks,286.6,74.1,11.4,4.0,0.8,6.1,11.0°,P29 Lie 8.0,P29 1/4 Lie 7.0 Thin,P92,,,,,,,,,,
https://cdn.shopify.com/3d/models/o/a1f418eb23cc3500/P29-1-4-ST-thin-head-LIE7_0.glb,P29 1/4,Lie 7.0 Thin,Standard Sticks,289.5,74.1,11.5,5.0,1.5,6.0,10.9°,P29 1/4 Lie 8.0,P11 (SPR),P92,,,,,,,,,,
https://cdn.shopify.com/3d/models/o/4631bfc6d88ab6ea/P29-LIE7_0-ST.glb,P29,Lie 7.0,Standard Sticks,285.3,74.2,12.1,5.0,1.0,6.4,11.2°,P90TM Lie 7.0,P113,P63,Bauer P92,CCM P29,Easton E3 (Sakic/Hall),Sherwood PP92,STX X92,Fischer P92,,,,
https://cdn.shopify.com/3d/models/o/2ad1065b5a5853fd/P29-ST-LIE6_5.glb,P29,Lie 6.5,Standard Sticks,290.4,72.9,10.9,5.5,1.9,6.2,10.2°,P93,P68,P90TM Lie 6.0,Bauer P92,CCM P29,Easton E3 (Sakic/Hall),Sherwood PP92,STX X92,Fischer P92,,,,
https://cdn.shopify.com/3d/models/o/084866a525b477e5/P29-ST-LIE8_0.glb,P29,Lie 8.0,Standard Sticks,288.7,73.0,10.9,4.5,1.8,5.8,10.1°,P29 1/4 Lie 8.0,P05,P69,Bauer P92,CCM P29,Easton E3 (Sakic/Hall),Sherwood PP92,STX X92,Fischer P92,,,,
https://cdn.shopify.com/3d/models/o/f1c441081b363e28/P29-T-JR.glb,P29,JR,–,276.0,69.2,10.1,4.5,1.0,5.9,10.8°,P111,P90TG,P102,Bauer P92,CCM P29,Easton E3 (Sakic/Hall),Sherwood PP92,STX X92,Fischer P92,,,,
https://cdn.shopify.com/3d/models/o/109b2b5f7ac7a81f/P29D-ST.glb,P29D,Standard,Standard Sticks,314.4,72.3,7.5,5.0,-0.5,1.0,3.1°,P82,P98,P54,,,,,,,,,,
https://cdn.shopify.com/3d/models/o/ded7fc624e8cb118/P29M-ST-LIE4_0.glb,P29M,Lie 4.0,Standard Sticks,287.8,75.9,15.6,7.0,1.5,5.9,10.6°,P77,P29M Lie 5.0,P19Y (SPR),CCM P29M,,,,,,,,,
https://cdn.shopify.com/3d/models/o/fbe7911748bf8ff7/P29M-ST-LIE5_0.glb,P29M,Lie 5.0,Standard Sticks,285.5,76.0,14.1,6.0,1.0,5.7,10.6°,P90 (SPR),P77,P72,CCM P29M,,,,,,,,,
https://cdn.shopify.com/3d/models/o/0e84982fe01e8d4e/P30-ST.glb,P30,Standard,Standard Sticks,278.1,73.9,11.9,5.5,0.5,2.3,7.4°,P62 (SBO),P100,P62,CCM P30,,,,,,,,,
https://cdn.shopify.com/3d/models/o/bc2cb0a54a069b94/P31-ST.glb,P31,Standard,Standard Sticks,270.4,70.0,9.0,4.5,0.6,7.3,14.9°,P25 1/4 Lie 6.0,P111,P13,,,,,,,,,,
https://cdn.shopify.com/3d/models/o/401b0eceb9cc1fb4/P32-ST.glb,P32,Standard,Standard Sticks,294.2,75.7,10.9,4.5,0.6,6.6,9.1°,P69,P05,P22,,,,,,,,,,
https://cdn.shopify.com/3d/models/o/9cbcef9249662591/P33-ST.glb,P33,Standard,Standard Sticks,286.6,68.4,18.9,5.0,0.2,2.1,6.1°,P49,P58,P41,,,,,,,,,,
https://cdn.shopify.com/3d/models/o/1f7bb71537526d41/P35-ST.glb,P35,Standard,Standard Sticks,285.8,79.5,13.7,4.5,0.6,6.1,10.6°,P12B,P90 (SPR),P92B,CCM P90TM,,,,,,,,,
https://cdn.shopify.com/3d/models/o/1f1b4b8907a284bc/P37-SBO.glb,P37,Standard,Standard Sticks,276.2,72.3,13.3,5.0,-2.2,6.7,20.1°,P71,P70,P67,Bauer P37,,,,,,,,,
https://cdn.shopify.com/3d/models/o/4a8b670b16478b54/P38-SBO.glb,P38,Standard,Standard Sticks,265.1,69.1,17.9,6.5,0.1,0.4,5.1°,P38,P88 (SPR),YAK-65,Bauer P38,CCM P38,,,,,,,,
https://cdn.shopify.com/3d/models/o/c48c90ce5881038b/P38-ST.glb,P38,Standard,Standard Sticks,262.8,69.1,16.9,6.5,0.3,0.6,5.5°,P38 (SBO),P88 (SPR),YAK-65,Bauer P38,CCM P38,,,,,,,,
https://cdn.shopify.com/3d/models/o/bab5010a17ed8e9f/P39-SBO.glb,P39,Standard,Standard Sticks,289.3,71.0,7.0,4.0,0.2,4.8,10.4°,P73M (SBO),P94,P73M,Bauer P39,,,,,,,,,
https://cdn.shopify.com/3d/models/o/1abd9dbd6a6a9426/P41-SBO.glb,P41,Standard,Standard Sticks,289.1,77.2,17.1,5.5,0.3,3.4,6.6°,P58,P84,P120,Bauer P41,,,,,,,,,
https://cdn.shopify.com/3d/models/o/b3b71de232285f46/P42-ST.glb,P42,Standard,Standard Sticks,274.4,76.5,13.9,5.0,0.5,5.5,11.8°,P28M,P7TK,P19Y,CCM P42,,,,,,,,,
https://cdn.shopify.com/3d/models/o/dc3c69c55dcff421/P43-ST.glb,P43,Standard,Standard Sticks,274.6,75.4,15.4,6.5,0.7,5.8,12.1°,P77,P61 (SBO),P106,CCM P43,,,,,,,,,
https://cdn.shopify.com/3d/models/o/19675fa63836602d/P44-ST.glb,P44,Standard,Standard Sticks,267.8,70.7,11.1,5.5,2.1,8.1,17.4°,P103,P78,P108,CCM P44,,,,,,,,,
https://cdn.shopify.com/3d/models/o/3dbc39928cfa572d/P47-ST.glb,P47,Standard,Standard Sticks,282.4,73.5,8.1,5.5,0.4,8.4,13.2°,P109,P21,P13,CCM P47,,,,,,,,,
https://cdn.shopify.com/3d/models/o/8b7f735ce043a7ed/P48-ST.glb,P48,Standard,Standard Sticks,306.5,84.2,19.1,–,-0.2,2.3,6.6°,P49,P58,P41,CCM P48,,,,,,,,,
https://cdn.shopify.com/3d/models/o/906e825e2f1ff6a8/P49-ST.glb,P49,Standard,Standard Sticks,297.5,76.6,18.7,–,-0.3,1.0,6.5°,P58,P48,P33,CCM P49,,,,,,,,,
https://cdn.shopify.com/3d/models/o/1cd0fd225b5e0973/P50-SBO-LIE6_5.glb,P50,Lie 6.5,Standard Sticks,286.8,76.4,15.7,4.0,0.0,4.3,9.8°,P50 (SPR),P50,P10,Bauer P86,CCM P86,,,,,,,,
https://cdn.shopify.com/3d/models/o/47c91a75d0116a52/P50-SBT.glb,P50,Standard,Classic SPR,286.3,76.4,15.2,4.5,0.1,4.4,9.8°,P50,P50 Lie 6.5,P10,Bauer P86,CCM P86,,,,,,,,
https://cdn.shopify.com/3d/models/o/a0983ba2683f01ce/P50-ST.glb,P50,Standard,Standard Sticks,286.8,76.4,15.2,4.5,0.0,4.3,9.8°,P50 (SPR),P50 Lie 6.5,P10,Bauer P86,CCM P86,,,,,,,,
https://cdn.shopify.com/3d/models/o/e3ac0433e5162af0/P53-ST.glb,P53,Standard,Standard Sticks,278.2,72.4,10.7,5.0,2.2,7.1,14.3°,P28 1/4 Lie 5.5,P99 (SBO),P99,CCM P25,,,,,,,,,
https://cdn.shopify.com/3d/models/o/c6e5c286179fff16/P54-ST.glb,P54,Standard,Standard Sticks,298.9,74.6,8.8,5.0,0.6,4.1,9.2°,P65,P91,P21,CCM P54,,,,,,,,,
https://cdn.shopify.com/3d/models/o/d436e986cc681acb/P55-ST.glb,P55,Standard,Standard Sticks,285.1,74.1,10.6,5.5,0.0,4.8,7.8°,P86,P62,P11,CCM P55,,,,,,,,,
https://cdn.shopify.com/3d/models/o/3e40853d92a68ea6/P56-ST.glb,P56,Standard,Standard Sticks,285.8,75.8,12.5,5.0,0.0,5.4,9.4°,P63,P12B,P113,,,,,,,,,,
https://cdn.shopify.com/3d/models/o/e18c2f85d7c712af/P57-ST.glb,P57,Standard,Standard Sticks,304.3,72.5,14.5,4.5,1.7,8.6,13.5°,P64,P83,P76,CCM P57,,,,,,,,,
https://cdn.shopify.com/3d/models/o/371fcbcab626864f/P58-ST.glb,P58,Standard,Standard Sticks,293.5,73.0,17.8,5.5,0.8,3.8,5.0°,P41,P49,P84,CCM P23,,,,,,,,,
https://cdn.shopify.com/3d/models/o/0e6213f995fdf243/P59-ST.glb,P59,Standard,Standard Sticks,273.1,76.1,12.0,5.5,0.4,7.3,14.0°,P78,P28 1/4 Lie 5.5,P28 1/4 Lie 6.0,CCM P59,,,,,,,,,
https://cdn.shopify.com/3d/models/o/0fd124ba3dc4df70/P60-ST.glb,P60,Standard,Standard Sticks,276.8,75.1,12.7,4.5,2.5,5.9,11.7°,P28 (SPR),P18K,P85,CCM P60,,,,,,,,,
https://cdn.shopify.com/3d/models/o/4de4ecc770dd703d/P61-SBO.glb,P61,Standard,Standard Sticks,270.7,73.3,15.1,6.0,0.4,4.7,13.8°,P61,P106,P43,,,,,,,,,,
https://cdn.shopify.com/3d/models/o/c6bead660fb90107/P61-ST.glb,P61,Standard,Standard Sticks,269.4,73.3,14.2,6.5,0.4,5.1,13.6°,P61 (SBO),P28A,P67,,,,,,,,,,
https://cdn.shopify.com/3d/models/o/246d0a7bd50f1063/P62-SBO.glb,P62,Standard,Standard Sticks,274.2,73.5,11.9,5.0,-0.2,3.1,8.4°,P100,P62,P30,Bauer P62,CCM P19,,,,,,,,
https://cdn.shopify.com/3d/models/o/70dc3e6c6be02200/P62-ST.glb,P62,Standard,Standard Sticks,274.2,73.5,10.7,5.0,0.1,3.7,8.7°,P62 (SBO),P100,P55,Bauer P62,CCM P19,,,,,,,,
https://cdn.shopify.com/3d/models/o/082b33f881e4584a/P63-ST.glb,P63,Standard,Standard Sticks,288.0,75.3,12.5,4.5,0.2,5.9,10.3°,P113,P12B,P56,CCM P63,,,,,,,,,
https://cdn.shopify.com/3d/models/o/153010c5cbc778a9/P64-ST.glb,P64,Standard,Standard Sticks,304.2,72.6,15.4,4.5,2.2,9.3,14.3°,P57,P83,P8TM,CCM P64,,,,,,,,,
https://cdn.shopify.com/3d/models/o/dfd243d5e53b226f/P65-SBO.glb,P65,Standard,Standard Sticks,294.5,74.9,10.0,5.5,0.2,3.5,9.8°,P91,P54,P75,Bauer P65,,,,,,,,,
https://cdn.shopify.com/3d/models/o/fe67c9c5d82e3b74/P67-ST.glb,P67,Standard,Standard Sticks,270.0,72.7,13.1,6.5,0.5,4.7,15.6°,P61,P28A,P61 (SBO),CCM P67,,,,,,,,,
https://cdn.shopify.com/3d/models/o/4deffd5f96b1068b/P68-ST.glb,P68,Standard,Standard Sticks,289.4,74.7,10.9,4.5,1.0,5.1,9.9°,P05,P69,P22,CCM P68,,,,,,,,,
https://cdn.shopify.com/3d/models/o/4fc08f3d6873eecd/P69-SBO.glb,P69,Standard,Standard Sticks,289.8,75.5,10.8,4.5,0.2,5.3,10.9°,P05,P68,P92M (SPR),Bauer P69,,,,,,,,,
https://cdn.shopify.com/3d/models/o/daa8b7a2531f88df/P6SR-ST.glb,P6SR,Standard,Standard Sticks,275.6,71.4,10.9,6.5,0.3,1.4,2.5°,P118,P95,P19Y,,,,,,,,,,
https://cdn.shopify.com/3d/models/o/d46b76053db2003c/P70-SBT.glb,P70,Standard,Classic SPR,273.9,71.7,14.9,5.5,0.3,6.2,19.0°,P71,P37,P61 (SBO),Bauer BT-P70,,,,,,,,,
https://cdn.shopify.com/3d/models/o/1223fb29d08d8c04/P71-ST.glb,P71,Standard,Standard Sticks,276.9,72.5,13.4,5.5,0.8,6.9,20.0°,P37,P70,P23,,,,,,,,,,
https://cdn.shopify.com/3d/models/o/2fc156a7f258f02f/P72-ST.glb,P72,Standard,Standard Sticks,285.7,73.9,13.0,5.5,0.5,5.7,10.8°,P90 (SPR),P911,P63,CCM P72,,,,,,,,,
https://cdn.shopify.com/3d/models/o/9c3f1373b4649a6b/P73-ST.glb,P73,Standard,Standard Sticks,286.1,73.9,9.6,5.0,0.1,5.2,9.6°,P104,P87,P92M (SPR),CCM P19,,,,,,,,,
https://cdn.shopify.com/3d/models/o/e69e533a54564878/P73M-SBO.glb,P73M,Standard,Standard Sticks,284.8,79.0,6.9,5.0,0.8,4.5,9.6°,P73M,P39,P94,,,,,,,,,,
https://cdn.shopify.com/3d/models/o/ee689c8b54265c1a/P73M-ST.glb,P73M,Standard,Standard Sticks,284.6,78.8,8.3,5.0,0.6,4.9,9.6°,P104,P73M (SBO),P109,,,,,,,,,,
https://cdn.shopify.com/3d/models/o/06029424b2a3d609/P74-ST.glb,P74,Standard,Standard Sticks,289.7,73.3,15.7,6.5,-0.1,3.1,5.9°,P88 (SPR),P116,P41,CCM P74,,,,,,,,,
https://cdn.shopify.com/3d/models/o/0cb6ff2163d04c6a/P75-ST.glb,P75,Standard,Standard Sticks,299.6,73.8,10.8,6.0,0.5,4.2,10.2°,P65,P29 Lie 6.5,P90TM Lie 6.0,CCM P75,,,,,,,,,
https://cdn.shopify.com/3d/models/o/3916de45186b284f/P76-ST.glb,P76,Standard,Standard Sticks,308.2,74.4,13.5,4.5,0.3,5.6,8.9°,P02,P83,P57,CCM P76,,,,,,,,,
https://cdn.shopify.com/3d/models/o/a41c675944e7f9fc/P77-SBT.glb,P77,Standard,Classic SPR,283.1,74.1,14.7,8.5,0.3,5.5,11.4°,P19Y,P8TM,P7TK,Bauer BT-P77,,,,,,,,,
https://cdn.shopify.com/3d/models/o/5e493946b4bb2e64/P78-ST.glb,P78,Standard,Standard Sticks,275.2,74.5,11.1,5.0,0.1,6.8,14.7°,P59,P25 1/4 Lie 6.0,P25 1/4 Lie 4.5,CCM P78,,,,,,,,,
https://cdn.shopify.com/3d/models/o/ee0c62cea2add54f/P7TK-ST.glb,P7TK,Standard,Standard Sticks,278.1,72.6,14.2,5.0,0.3,5.3,10.6°,P106,P42,P77,CCM P7TK,,,,,,,,,
https://cdn.shopify.com/3d/models/o/cc0ae43a98da0420/P80-ST.glb,P80,Standard,Standard Sticks,281.3,74.8,12.0,5.0,0.4,5.3,11.5°,P29 Lie 7.0,P90TM Lie 7.0,P92 (SPR),CCM P80,,,,,,,,,
https://cdn.shopify.com/3d/models/o/2a89f05dcec4794b/P80M-ST.glb,P80M,Standard,Standard Sticks,284.7,78.4,9.9,5.0,0.4,6.0,12.1°,P115,P92M (SPR),P90,,,,,,,,,,
https://cdn.shopify.com/3d/models/o/8b6abdfb135d0db8/P81-SBT.glb,P81,Standard,Classic SPR,273.5,72.3,18.2,5.5,0.7,7.3,20.2°,P70,P121 1/4,P71,Bauer BT-P81,,,,,,,,,
https://cdn.shopify.com/3d/models/o/4dc0a200d9f0072c/P82-SBO.glb,P82,Standard,Standard Sticks,307.8,77.2,10.5,6.0,-0.3,2.7,5.6°,P117,P98,P75,Bauer P82,,,,,,,,,
https://cdn.shopify.com/3d/models/o/f6b66f55180339aa/P83-ST.glb,P83,Standard,Standard Sticks,303.4,72.3,14.1,5.0,1.3,8.8,13.9°,P57,P64,P76,CCM P83,,,,,,,,,
https://cdn.shopify.com/3d/models/o/2f3107ee5ae6f709/P84-SBT.glb,P84,Standard,Classic SPR,295.9,75.3,16.8,5.5,0.2,6.5,7.9°,P41,P58,P50 Lie 6.5,,,,,,,,,,
https://cdn.shopify.com/3d/models/o/d04863d63691e58c/P85-SBO.glb,P85,Standard,Standard Sticks,277.0,74.5,13.5,5.5,0.4,5.3,10.8°,P19Y,P42,P72,,,,,,,,,,
https://cdn.shopify.com/3d/models/o/8638e3c0f4022c67/P86-SBO.glb,P86,Standard,Standard Sticks,287.3,74.1,10.7,5.0,0.1,4.5,8.4°,P55,P11,P68,Bauer P86,CCM P86,,,,,,,,
https://cdn.shopify.com/3d/models/o/c9fe1880c36c3a37/P87-SBT.glb,P87,Standard,Classic SPR,289.8,74.7,10.0,4.5,0.6,6.1,10.5°,P92M (SPR),P05,P69,,,,,,,,,,
https://cdn.shopify.com/3d/models/o/9e34359709c245a3/P88-1-4-ST.glb,P88 1/4,Standard,Standard Sticks,276.2,77.2,14.5,5.5,0.5,2.0,4.5°,P88 (SBO),P88,P88 (SPR),,,,,,,,,,
https://cdn.shopify.com/3d/models/o/22cc06904d75764e/P88-SBO.glb,P88,Standard,Standard Sticks,279.3,72.5,14.6,5.0,-0.3,2.1,4.5°,P88 (SPR),P88 1/4,P88,Bauer P88,CCM P88,Warrior W88,True MC,Easton E36,Sherwood PP88,STX X88,Fischer P88,,
https://cdn.shopify.com/3d/models/o/7544b01ea1a03c08/P88-SBT.glb,P88,Standard,Classic SPR,279.1,72.5,15.6,5.5,-0.2,2.4,4.6°,P88 (SBO),P88 1/4,YAK-65,Bauer P88,CCM P88,Warrior W88,True MC,Easton E36,Sherwood PP88,STX X88,Fischer P88,,
https://cdn.shopify.com/3d/models/o/d1ec051c622baaf3/P88-ST.glb,P88,Standard,Standard Sticks,276.3,72.4,13.3,5.5,-0.2,2.0,4.9°,P15,P88 (SBO),P88 1/4,Bauer P88,CCM P88,Warrior W88,True MC,Easton E36,Sherwood PP88,STX X88,Fischer P88,,
https://cdn.shopify.com/3d/models/o/ae019ff0cce61ea1/P8TM-SBO.glb,P8TM,Standard,Standard Sticks,289.1,74.2,15.2,4.5,0.3,5.1,11.5°,P77,P8TM (SPR),P10,Bauer P8TM,,,,,,,,,
https://cdn.shopify.com/3d/models/o/972c25b57ef1f589/P8TM-SBT.glb,P8TM,Standard,Classic SPR,289.1,74.2,14.0,4.5,0.2,5.5,11.6°,P77,P90 (SPR),P8TM,Bauer P8TM,,,,,,,,,
https://cdn.shopify.com/3d/models/o/502c424212b3fed2/P90-SBO.glb,P90,Standard,Standard Sticks,286.4,74.3,14.6,5.0,-0.8,6.2,10.8°,P92B,P19Y,P12,Bauer P90,CCM P90TM,,,,,,,,
https://cdn.shopify.com/3d/models/o/f1d77680cbddf4cc/P90-SBT.glb,P90,Standard,Classic SPR,286.9,74.4,13.5,5.5,0.1,6.1,11.4°,P72,P8TM (SPR),P35,Bauer P90,CCM P90TM,,,,,,,,
https://cdn.shopify.com/3d/models/o/e20d210414cfb25c/P90-ST.glb,P90,Standard,Standard Sticks,288.1,75.2,9.6,4.5,0.5,6.8,11.3°,P87,P92M (SPR),P21,Bauer P90,CCM P90TM,,,,,,,,
https://cdn.shopify.com/3d/models/o/844e10448fb2a16a/P90M-LIE4_0-ST.glb,P90M,Lie 4.0,Standard Sticks,293.3,75.1,12.7,7.5,0.2,6.1,10.7°,P91DN,P90TM Lie 6.0,P911,,,,,,,,,,
https://cdn.shopify.com/3d/models/o/fe5771bb140773a7/P90M-LIE7_5-ST.glb,P90M,Lie 7.5,Standard Sticks,289.4,77.4,12.3,4.0,0.0,5.6,10.8°,P90TM,P63,P56,,,,,,,,,,
https://cdn.shopify.com/3d/models/o/ff82be0db8145fd5/P90TG-ST.glb,P90TG,Standard,Standard Sticks,283.3,70.7,10.9,5.0,1.4,6.0,12.8°,P80,P90TM Lie 6.0,P90TM Lie 7.0,,,,,,,,,,
https://cdn.shopify.com/3d/models/o/4ac60e4d24480761/P90TM-LIE6-ST.glb,P90TM,Lie 6.0,Standard Sticks,290.0,74.2,10.1,5.5,0.7,7.3,12.0°,P21,P87,P92M (SPR),Bauer P90TM,CCM P90TM,Warrior W90TM,True T90T,Sherwood PP90MX,,,,,
https://cdn.shopify.com/3d/models/o/d1760cda46b3fac9/P90TM-LIE6_0-ST.glb,P90TM,Lie 6.0,Standard Sticks,288.5,74.2,11.5,6.0,1.0,6.5,11.3°,P91DN,P90TM Lie 7.0,P29 Lie 7.0,Bauer P90TM,CCM P90TM,Warrior W90TM,True T90T,Sherwood PP90MX,,,,,
https://cdn.shopify.com/3d/models/o/0559613e41570fa4/P90TM-LIE7_0-ST.glb,P90TM,Lie 7.0,Standard Sticks,285.3,74.2,12.0,5.0,1.2,6.6,11.1°,P29 Lie 7.0,P113,P63,Bauer P90TM,CCM P90TM,Warrior W90TM,True T90T,Sherwood PP90MX,,,,,
https://cdn.shopify.com/3d/models/o/3dce409c70bd15a0/P90TM-SBO.glb,P90TM,Standard,Standard Sticks,284.2,74.3,11.9,5.0,0.1,5.2,10.6°,P90M Lie 7.5,P93,P68,Bauer P90TM,CCM P90TM,Warrior W90TM,True T90T,Sherwood PP90MX,,,,,
https://cdn.shopify.com/3d/models/o/ff321076f00ef68c/P90TM-SBT.glb,P90TM,Standard,Classic SPR,284.2,74.3,12.9,5.0,-1.1,5.4,10.9°,P63,P56,P911,Bauer P90TM,CCM P90TM,Warrior W90TM,True T90T,Sherwood PP90MX,,,,,
https://cdn.shopify.com/3d/models/o/9c4326b63cd85108/P91-ST.glb,P91,Standard,Standard Sticks,291.1,72.4,9.5,5.0,0.2,2.7,7.7°,P104,P65,P73,,,,,,,,,,
https://cdn.shopify.com/3d/models/o/bfd7bcd3d6baf218/P911-SBT.glb,P911,Standard,Classic SPR,287.1,74.6,12.2,5.5,-0.1,6.1,10.5°,P91DN,P63,P93,Bauer BT-P911,,,,,,,,,
https://cdn.shopify.com/3d/models/o/38475f6a9fb3b3b9/P91DN-SBT.glb,P91DN,Standard,Classic SPR,286.7,74.5,12.3,6.0,0.1,5.8,10.3°,P911,P72,P29 Lie 7.0,Bauer BT-P91DN,,,,,,,,,
https://cdn.shopify.com/3d/models/o/d0f3630d15a9abc6/P92-SBO.glb,P92,Standard,Standard Sticks,290.0,74.9,11.8,4.5,0.5,6.1,10.8°,P113,P92M,P92 (SPR),Bauer P92,CCM P29,Warrior W03,True TC2,Easton E3 (Sakic/Hall),Sherwood PP92,STX X92,Fischer P92,,
https://cdn.shopify.com/3d/models/o/2a0be339af1bf7d5/P92-SBO-JR.glb,P92,JR,Standard Sticks,273.1,72.5,10.4,3.5,0.2,4.5,8.3°,P62,P29 JR,P62 (SBO),Bauer P92,CCM P29,Warrior W03,True TC2,Easton E3 (Sakic/Hall),Sherwood PP92,STX X92,Fischer P92,,
https://cdn.shopify.com/3d/models/o/cbaf3896ff43e5a7/P92-SBT.glb,P92,Standard,Classic SPR,287.7,74.8,11.5,5.0,-0.3,6.2,10.9°,P92,P22,P11,Bauer P92,CCM P29,Warrior W03,True TC2,Easton E3 (Sakic/Hall),Sherwood PP92,STX X92,Fischer P92,,
https://cdn.shopify.com/3d/models/o/838e5329b1d54f28/P92B-SBO.glb,P92B,Standard,Standard Sticks,283.2,74.9,14.2,4.5,0.6,4.4,10.7°,P92B,P50 (SPR),P10,Bauer P92,CCM P29,Warrior W03,True TC2,Easton E3 (Sakic/Hall),Sherwood PP92,STX X92,Fischer P92,,
https://cdn.shopify.com/3d/models/o/687db14de8acdc77/P92B-ST.glb,P92B,Standard,Standard Sticks,284.6,75.0,14.3,4.5,0.4,5.1,10.5°,P92B (SBO),P12,P10,Bauer P92,CCM P29,Warrior W03,True TC2,Easton E3 (Sakic/Hall),Sherwood PP92,STX X92,Fischer P92,,
https://cdn.shopify.com/3d/models/o/8d99ce06990b4afc/P92M-SBO.glb,P92M,Standard,Standard Sticks,287.9,75.7,11.3,4.0,0.1,5.0,10.7°,P92,P69,P22,Bauer P92M,CCM P29M,Sherwood PP92MX,,,,,,,
https://cdn.shopify.com/3d/models/o/c4b3bbee7bfae9aa/P92M-SBT.glb,P92M,Standard,Classic SPR,288.6,75.6,10.2,4.5,-0.1,5.0,10.8°,P87,P05,P69,Bauer P92M,CCM P29M,Sherwood PP92MX,,,,,,,
https://cdn.shopify.com/3d/models/o/39517f1b872cb6c9/P93-ST.glb,P93,Standard,Standard Sticks,287.5,73.9,11.7,5.5,0.7,6.0,10.2°,P911,P92 (SPR),P11 (SPR),,,,,,,,,,
https://cdn.shopify.com/3d/models/o/cd3451f6742eb481/P94-ST.glb,P94,Standard,Standard Sticks,289.1,71.0,5.8,5.5,0.6,5.3,8.8°,P39,P73M (SBO),P119,,,,,,,,,,
https://cdn.shopify.com/3d/models/o/e646d7cfafa3c9da/P95-ST.glb,P95,Standard,Standard Sticks,271.3,71.1,8.9,6.0,0.4,0.8,2.4°,P6SR,P110,P118,,,,,,,,,,
https://cdn.shopify.com/3d/models/o/e7a8624a2b9ed4b6/P96-ST.glb,P96,Standard,Standard Sticks,268.6,73.3,13.8,5.5,0.5,5.1,11.3°,P42,P61,P106,,,,,,,,,,
https://cdn.shopify.com/3d/models/o/8497e4bf7a93f852/P97-ST.glb,P97,Standard,Standard Sticks,288.3,76.2,13.2,5.5,-1.1,3.3,8.0°,P29M Lie 5.0,P90TM,P30,,,,,,,,,,
https://cdn.shopify.com/3d/models/o/9976999437f7853a/P98-ST.glb,P98,Standard,Standard Sticks,302.5,77.2,11.5,5.5,-0.8,0.4,2.8°,P82,P117,P118,,,,,,,,,,
https://cdn.shopify.com/3d/models/o/b1abd6045f10f0ef/P99-SBO.glb,P99,Standard,Standard Sticks,271.3,73.8,11.0,5.0,-0.3,5.0,9.9°,P99,P28 1/4 Lie 6.0,P28,,,,,,,,,,
https://cdn.shopify.com/3d/models/o/a0de561e8a56acb1/P99-ST.glb,P99,Standard,Standard Sticks,272.0,73.8,11.0,5.5,-0.4,4.8,9.9°,P99 (SBO),P14T,P28 1/4 Lie 6.0,,,,,,,,,,
https://cdn.shopify.com/3d/models/o/03424144cdf3fa27/YAK-65-ST.glb,YAK-65,Standard,Standard Sticks,278.4,73.3,15.6,5.5,0.3,2.7,6.2°,P88 (SPR),P88 (SBO),P88 1/4,,,,,,,,,,
